573.0,81.12864535206968,80.69397720044283,79.37085576691254,79.31383830096742,79.17393634122095,79.0481280489962,78.94222780529543,78.79127970037105,78.67012339609582,78.50244278016113
498.0,85.80193035589052,85.0050789315926,82.95838589067192,81.28634764103602,81.21065110340524,80.91465328673013,80.61416146250096,80.51533673057381,80.42647223086198,79.8314229700668
523.0,87.78795785685615,84.7868323772073,82.97857974621026,80.8023829263839,80.6661321274529,80.7005123848591,79.6969604789857,79.50191990346907,79.44046167141722,79.1096215888255
484.0,82.33579372931749,81.59682958215502,81.27951605568174,81.01972777018106,80.73911448663574,80.60929671458139,80.57002402318432,79.88726157424405,79.81906421305716,79.76000598102509
573.0,86.92304209885798,82.47259869846562,82.03404500363328,81.38323320379835,80.88850495174106,80.76406287565446,80.51592891373397,80.23777110541998,79.89026026810569,79.54805142581547
457.0,85.1939407471246,85.08621161123553,83.03088617854128,82.95250783043423,81.13146249388977,80.59186982574735,80.0340205146131,79.94357432459762,79.33774266788227,79.08116344185807
1.0,83.0986282093621,82.94219110566408,82.34067664617257,82.24029894493188,81.59444986822926,81.47334565018555,80.64379635140564,80.20406282789006,80.14378797667307,79.85483636212615
439.0,84.9346191625455,84.18838997259222,84.07534054145313,82.00256121709273,81.19848095715425,80.98375316784625,80.76341248189287,80.61715703385926,80.5562969265323,80.36300170040835
606.0,84.98741294611635,81.28293509577172,80.61045042288191,80.37817329811537,80.25217462173381,79.78127708784643,79.45533754047851,79.3479193491414,78.49003582758981,78.41370760841549
520.0,83.15670294392875,81.73832171539924,81.52842887621385,80.4316911582823,80.34145958414646,79.68031677827652,79.28519761189548,79.20257414214849,79.13652454020612,79.06454400263681
2.0,83.12463800813892,82.45667171557805,81.64942595407558,80.07169577732843,79.65672144630521,79.4564943006591,79.09928821685075,78.79649039851162,78.7505559036016,78.6741872965222
1.0,83.27030840009093,83.3103709324541,82.59860459808519,81.62542360643967,80.67218300183895,80.34560608885639,79.73380305421271,79.61773900810282,79.50451200611312,79.25540702031566
537.0,87.75767294569398,84.120020211579,82.11911078265788,81.42320356938836,81.18854040682302,80.65004657696807,80.40007072558411,80.01141941284763,79.79417469261236,79.75913555665261
543.0,84.90686025295697,84.10040701628591,82.19393036898015,81.52291527242483,80.795034281738,80.59702592800568,80.48616648616897,80.37364975864092,80.02194267614257,79.51909829946007
517.0,86.83538206363923,83.29360951975012,81.26323772009117,80.80115385445961,79.41510668442307,79.22407929536026,79.09595280885135,78.92456039574951,78.88774211834279,78.83517547882188
530.0,82.63058521345633,82.31451043518707,82.25267465991357,81.40174182640621,81.32250427414975,80.86087157135199,80.56171788251875,80.46481294459942,80.18331831330528,80.060858084614
3.0,84.02987407848823,82.2444811815147,81.14124225008841,81.36091357314993,80.38115953402739,79.65156958363538,79.54159701892156,79.49558050475916,79.03075482336742,79.00956976076614
530.0,82.5180079956685,82.44771450954602,82.34261866862268,81.69443654308658,80.48535013100819,80.46088983049707,80.13374907845808,79.95242346163606,79.41467141977188,79.15445583922191
2.0,84.97821548332468,83.08260051306686,82.17417739232688,81.29807772208989,81.17430026018225,81.02160999527322,80.91692856466996,80.54395579363536,80.33523353739174,80.12666445747377
527.0,85.07685232720706,84.32463345992625,81.4870665110224,81.32319492514468,80.8136193333998,80.67891565174168,80.42985192598847,79.80398686131406,79.61034760275125,79.26988921099418
1.0,86.86373739622255,85.91971851500666,85.13209304566296,84.10858152919093,83.52624272339041,82.78608586071701,81.85288515460364,81.57468196589787,81.49633969619937,80.74486614432031
1.0,85.9372700292593,84.99805459846067,81.3007746653393,81.09531211585764,80.76331704694155,80.65418741465406,80.40841859800813,80.02457142031172,79.78563508612119,79.82137546825338
543.0,83.96938763974818,82.97572940353722,82.35818295926337,81.64162256982684,80.41079128760768,80.02490194295508,79.55346835202364,79.43776888465675,79.32054559105343,79.25581932496665
592.0,84.88223855332033,82.47866803534387,82.41528521167986,81.69375548415454,81.51397280277068,81.4235974954365,80.69349223156023,80.57656893814718,80.24537394061734,80.1213343183744
1.0,83.32714384112793,81.18362541353686,80.6829174092327,80.64491997052026,80.54852324383832,80.26081875652919,80.17135178769269,79.79584773345661,78.97621083672797,78.94862381990997
546.0,84.07054319096775,82.31043645525608,82.15920670044521,81.67184404108012,81.5476292004076,81.48099189022925,80.56540075958186,80.50867944581672,80.30089875630225,79.85403144489594
580.0,84.99854924186654,84.84259645382392,81.16491640089129,80.78257335991773,80.54461701909976,79.89064603268729,79.79671489582125,79.68838031502564,79.6356028093163,79.55723626243442
516.0,83.02680731994064,82.1391865712869,82.02070782278254,81.3151392761789,81.26143712077213,80.80415746063862,80.3477845363774,79.70032379525045,79.63136485217437,79.61647981047248
513.0,84.22196445632032,83.3487193378447,83.08626644680305,83.04492045557801,82.14728255646962,81.34762754858956,80.61625761111576,79.83590127527866,79.67385499488742,79.62127629975816
497.0,86.77999699786913,85.89829638283429,81.51871232820659,80.55554535300695,80.46771131682277,80.39007008235347,80.32315124907086,79.30637721381639,78.96950203495427,78.7210083740854
527.0,85.7493973018516,84.09451438963002,83.85934440387038,83.11626737525869,83.08989897392655,82.16752768368245,81.6838888143681,81.46462836391439,81.15577070576545,80.19009223151984
593.0,84.90709713903594,83.97478812801911,82.14295837008137,81.48811658752388,81.27960644627056,80.70622502653241,80.19519619821894,79.67197801784631,79.4730330558252,79.25605274844484
498.0,81.4841775154952,81.4687403268723,81.4092094990831,80.66976850134984,80.43588903756243,80.32393645189681,79.90909677253491,79.7241828006042,79.50421120694503,78.6297025955253
1.0,85.78679536079562,84.98435564828866,82.56890386800075,81.36341298790114,81.00500391771126,79.76354316301295,79.5930711831515,79.52670482322716,79.37701655376587,79.17166052756332
495.0,87.8709124177469,83.93608812695537,82.29592154370711,81.45417528184079,81.23034663897197,80.90548328979119,79.70291912631019,79.65661752329184,79.6287682531734,79.57963087044507
665.0,85.71166466670785,84.03785427284264,83.35482502774528,82.24429267713799,81.33009441842434,81.38515831616853,80.62532143630271,80.5369139300759,80.48865432840046,80.30400881290943
567.0,84.95904692832895,83.0140264023124,82.38694088716476,81.32684806946467,81.16761521727035,81.08358820367106,80.77694896331474,80.09466736388987,79.54459921600402,79.36975276702277
543.0,86.71580081189504,83.87767446837161,84.04744376869431,82.4841252834391,81.67996086947588,80.69747435099264,80.59827751329793,80.53429944312371,80.39312937593022,80.25432570767232
483.0,83.94448215127083,83.23672039112172,82.98265539066325,81.94855161816105,81.24052557844894,80.77886367079263,80.52103025701764,79.86195255591885,79.4784743866169,79.43119491672232
543.0,85.93191803320832,83.85857729379168,81.75128459278497,80.47048808732266,80.28050664001275,80.27368574840315,80.0259487265258,79.83322262677612,79.66894959807364,79.5757184357318
518.0,83.95715260666225,83.14149315554093,81.25855010042079,81.1940705022564,80.60740037946745,79.96636878137122,78.98517190034683,78.94297965827,78.93044036278454,78.76079415238493
651.0,82.39941036960295,80.58615051139103,80.42299493429726,80.15925463375909,79.9858522166784,79.8674858187828,79.59946693532892,79.36323321089633,79.24346541139145,79.21381122378327
525.0,82.21029181704073,82.13329543522164,81.25270447600828,79.72426257224846,79.6013258905599,79.52403660800381,79.4462503879257,78.89830671014057,78.712572620087,78.5809610483831
443.0,83.2527970533753,83.04454571312876,80.62107073328696,80.28137212726021,79.02142551471646,78.8456278584622,78.82710638603884,78.79117631577958,78.7297181350773,78.55521531484958
476.0,83.29813204275854,83.10960938495872,82.79972094122111,82.27913781484179,82.21038398962249,81.45614787403788,80.9934080777243,80.73608170719629,80.5494181618274,80.51014327226054
567.0,82.42464156756618,81.53273585799019,80.78958544848334,80.33347100679883,80.3249910451343,79.85468117828763,79.88707726802807,79.58292379678122,79.43357742966558,79.52841838148436
636.0,83.26743419823194,82.53832112682113,81.35612914742117,81.0154740857989,80.71222831113344,80.64547462319379,80.59947920574224,80.27651263522176,80.07872543155419,79.84981575620151
582.0,84.77583267045144,81.50206793364254,81.30870186578123,81.21952528535286,81.17625651147537,80.2861310621978,79.87577589100701,79.69177043704637,79.16379707249864,78.96996577762029
505.0,83.20617770654674,82.44918782349208,82.3175280423671,82.22597580380305,82.21181204555702,81.99064084824049,81.53688775501709,81.36796741642989,81.2135414726169,80.50412073127379
1.0,85.80278971953027,84.85602446074905,83.23063537168544,83.17747296298403,82.00664838353804,80.63170701986527,80.3961537154707,80.30775008120733,80.2461043086834,80.17043991456322
569.0,86.72682590160527,85.6853660943947,84.38454957954193,82.16910321413084,81.37629277843585,81.0341980343146,80.70664705924317,80.55750494599536,80.08692464345212,79.93316579714956
541.0,84.94756797721882,82.90510332075144,82.4965086466862,82.26206950571668,82.21332211747504,81.61715632347558,80.58395263928092,80.37203898590712,79.9808647640456,79.90794825788383
528.0,83.03969605078758,81.60462465244657,80.79744208819348,80.31893813009292,79.86242367944979,79.07768525528337,78.87718580593386,78.76173367151326,78.6720208352423,78.56604524804263
456.0,84.92526840134,84.86599551962848,82.57580749418257,81.43847079573942,80.70640908030501,80.66383358058243,80.30748822684048,79.5233685271218,79.21031875581976,79.03354193667226
576.0,82.13751105796547,81.67367688801765,80.98014565003788,80.67136299725439,79.86407485804511,79.79823385980824,79.59644979186356,79.49848795504522,79.5185908167276,79.1636931192579
672.0,83.10208192204091,81.95067570879257,81.49070812156707,80.36725096837797,80.14924774615518,79.92266398338228,79.89552243946534,79.6599678523572,79.61344016090001,79.49249591308711
455.0,88.489650639326,85.08711225610584,83.06291483680029,82.40727651591962,82.21184541268194,82.06012706423519,82.10491657497245,81.3112179408918,80.68218854770565,79.09470871365038
460.0,83.11939703153215,82.36684869882833,81.74612013611777,81.57260803118781,81.33702694994462,81.2430408864228,81.27895304843979,80.54718552372174,80.21728411035168,80.1554783530244
426.0,85.99510307539444,83.03506038024098,82.06551797177205,81.5506608717358,81.31613805576335,80.68572372093035,80.63905802000679,80.41579915669382,80.28999478970579,80.11827795795482
475.0,84.27274851202017,84.14574719652292,83.3456434331422,81.72071625189075,81.43716611708733,81.17406881589372,80.67606626411991,80.19757556264935,79.8263105737528,79.65414869697715
441.0,83.96760473338395,83.91550343745182,83.05896656814933,81.35673687271456,80.49941700014998,79.76577841546676,79.50656184658322,79.04481687453493,78.95501584820907,78.8750543198708
2.0,83.14291887832113,80.67537470403293,80.58462306312525,80.49597708645219,79.90061279408874,79.60999134068618,79.63149544414662,79.21958321155333,79.06778650054305,78.99018756832783
646.0,90.50565726391179,86.75209032974671,84.6824062241272,84.0078742019189,82.39641519436265,82.30431876948894,81.40869585779873,81.32698092931577,80.66891755936624,80.52519892643404
547.0,86.70732739156821,82.43313917393948,82.13578671495925,80.68381986551897,80.63852728276369,80.42737687752653,80.18934845735446,80.09822692550702,79.52343615309339,79.0855921621068
512.0,83.24703522861519,83.0672514120163,83.04290986244075,82.35468182065193,81.30376555266803,79.95609239145341,79.72532910347424,79.61880188085894,79.58748969870132,79.35693152329107
574.0,85.73150297975958,84.97295595307982,80.66821526001105,80.60379933049808,80.49225650723317,80.3232745653279,79.66674528189908,79.40972504578745,79.17734633326171,79.0069094419017
558.0,83.12116057307769,81.38759601679055,81.24307587683514,80.87594034703386,80.58045067397246,80.51804577095577,79.82193230138346,79.03509270728819,78.95463069789756,78.85451691927581
1.0,83.42116720617447,82.39178427074201,82.22050738339178,81.36261726628129,80.62048567314358,80.45461006041236,80.35866577154832,79.97009637447788,79.82945999616985,79.75090314361859
531.0,83.95327178710193,82.33666157140163,81.23658267631332,80.68058886274987,80.63493471038116,80.3214486726563,80.4619457975282,80.4262953454883,80.40491392225448,79.70013994148512
517.0,82.33503264578385,82.08457485272528,80.65503670185029,80.12324162339496,80.01334844965005,79.8444909868007,79.65947889690658,79.58335041429245,79.50503023984719,79.35986902005745
1.0,85.98011011438257,84.94744749219,83.16694585789024,83.14784290966251,82.16004373740805,81.46037375438821,81.22076564007236,81.27356520773985,80.35661581412126,80.06533170291395
2.0,83.14745194931945,80.88612094770227,79.8064803428964,79.51025551041612,78.99863615886736,78.5490844825784,78.46472873203112,78.03723280066683,77.96407563491105,77.86019411379732
1.0,83.0967166872352,83.11870290270417,81.38252837483199,80.97764550733028,80.49809031774771,80.36981730912112,79.94000833035001,79.80977336314812,79.00239533933944,78.86326103222315
471.0,88.58377307132466,84.43291192441315,82.8073285612394,82.32527749744378,81.58301455927385,80.60062729461742,80.54009498939834,80.11914577530844,79.95464602926309,79.55026896642688
498.0,85.84789155640648,84.97105589095943,83.48134809069917,82.22713033554479,81.36758404818744,80.49807195444842,79.93573143990025,79.7690980702655,79.69550491349672,79.59007750571948
483.0,84.23883273047966,81.99120770987791,81.57955202826199,80.99177061449272,80.64506182874572,80.55158013017434,79.90490296910866,79.81331486633599,79.29843758235484,79.08655227441476
474.0,83.11006975493616,82.45491509623618,82.26521917076876,81.99566486154639,81.27071530086678,80.35269556023866,80.3088384558894,79.86495638585073,79.89714186197392,79.72102943357173
460.0,84.05790757444981,83.0976844812491,82.17488198178901,82.08087233154578,81.60408044698933,81.27625483566217,80.20481681801698,80.13549835246734,79.47250315469047,79.40348610058103
6.0,81.45469470231018,81.34803821138142,81.07691383908804,80.32178385663224,80.09796605999321,79.22669211464002,78.86598927938564,78.77754395291672,78.68896627287744,78.6174566462037
2.0,85.74063337285334,82.34881013011928,82.31827984143318,82.3029268011672,82.07030059216197,80.93069356502662,80.71768510813973,80.67571427146058,80.20659546182047,79.9984613529346
468.0,84.10427932237418,83.35601864742904,82.50435470243329,81.43614109393359,80.6364065398374,80.58670253990562,80.5525748676142,80.41105829076902,80.30855838485562,79.95432491656719
429.0,83.04447166335642,81.60385309862556,81.41431070807265,81.31102980525964,79.85977045845917,79.71993201553796,79.06062318912628,78.85876351542899,78.74502919523918,78.64989580717277
555.0,84.1610772735859,82.25472266428375,82.20448496312227,80.86706916342061,80.80954330487613,80.7558129215318,80.34659779185228,79.78264197612556,79.38374969296387,79.16402899202824
3.0,84.10704599916485,83.42811508576568,82.02197506200577,81.30207653629243,80.508951614682,79.1242900413809,79.03921352989343,78.86711836338853,78.3085592208132,78.24002957153424
551.0,84.00443527208179,80.69306880271444,80.61056378129551,80.21531275918954,79.76590046643415,79.68895980890576,79.50570550793411,79.34607967264257,79.16040531361453,79.06872283749878
6.0,86.76026739423249,83.3618360305151,81.53817222463734,81.29413375120265,80.5541216561562,80.28486444694681,79.74900557153339,79.70108549691777,79.33754169665717,79.29075353945129
524.0,84.16403139627971,83.99753259685698,82.93472439737609,82.18144450151802,81.40946721888868,81.29651985076664,81.22809390379287,80.88041162069712,80.78314307781616,80.6627904856396
448.0,89.49413203141522,85.03833975364896,83.11100063601984,82.90698234783461,82.60418205302607,82.33181084054694,81.31496837558903,81.06117153810091,80.7823506376153,80.54773676639941
501.0,82.37628474632865,80.92587270330107,80.5688961272829,79.90021921218634,79.55539168577916,79.3301840828368,79.19613688144388,78.96839521529365,78.86817827936859,78.82394245895061
2.0,84.02571270331839,83.03750128824647,80.65289138230813,80.54277261747696,80.11188828518956,80.06161973729247,79.87080775848595,79.6881812140507,79.63118474905434,79.51417770357865
502.0,83.99091957748702,83.06320154199135,82.09061048820934,80.93749772188345,80.83575007939385,80.48696573826084,80.39280549153759,79.88907903189487,79.8288189523446,79.42899572115822
504.0,84.3325769481849,83.13927525322586,82.61900233953877,81.5637181462753,81.50867588362347,80.3893539907036,79.58992258187683,79.36937515550227,79.21465555603962,79.0982891720723
6.0,88.49365413471655,84.07247146574773,82.34166325826506,82.14127507182403,80.20075331517278,79.64791823622494,79.60045841090104,79.20610048962206,79.09131906275407,78.8872319440063
506.0,82.1311786409856,81.32318989775906,81.28657367623862,81.21191360893461,81.100997406169,80.63857058949695,80.60297590769902,80.42800096705648,79.7960246865162,79.80605861487884
517.0,86.69578276183158,83.3486242324353,83.20770305012346,82.24831461902882,80.07910583975,79.6103007057867,79.40402291583467,78.97788584914089,78.84572024720889,78.82673056749329
518.0,94.32314548202638,83.12673062949243,81.6986436316963,81.34973175123685,81.21053962778075,80.88621700093812,80.59146174225101,79.88215909968724,79.81335481262497,79.60805985877256
587.0,83.25515482011329,81.65263927170308,81.2634661756804,81.08928073202445,80.34951866822065,80.04758012442508,79.9293966782708,79.1593982673478,79.05251322321992,78.926376500582
1.0,86.09586959180808,85.88477073299347,84.97581762442097,84.84759825702663,84.15799688739797,81.21662913807202,80.93701149109275,80.76537054901553,80.57396484643526,80.34869428540813
1.0,84.92720943192663,82.41411253902396,82.317984743848,81.454299156344,81.18939598342425,80.63895826220703,79.93813374760353,79.80286782879516,79.61250448594141,79.41423483338255
3.0,82.16641050608916,80.74934898834368,80.45351340526676,80.37833205159626,80.05442894321085,79.63217936996828,79.47096771833124,79.30068924722121,79.09094888973972,78.68661992595584
553.0,83.93571719837698,83.08498692104742,82.96921691552238,82.0888731413537,81.37168927751931,80.69298391246939,80.2334585381083,80.18097744827408,79.8201164327514,79.65309811511923
2.0,82.29684868342423,82.21338697882703,82.1853511013173,81.46795036987179,81.42807795558579,80.55233618519812,80.49588306028288,80.43474065339123,79.82204246391262,79.77286028373608
411.0,85.77378033517351,83.08140483175609,82.41891357985237,81.40928224250355,80.82521509008193,80.49595588215664,80.58435944874674,79.97008354342356,79.55644557768217,79.60298511163771
507.0,86.70062269290591,83.17534927912357,83.00944186171316,82.27542158665739,81.07494343672424,80.69633067027124,80.60531177299194,80.56297193434567,80.36347768901065,80.27778044797651
1.0,86.04327697101735,83.28240442259951,83.18612244473549,82.96519037923343,82.14277832849717,81.84266248118215,81.46085331831733,81.11324769858328,80.51485858818445,80.45477595413108
436.0,84.02275687986483,82.60185750502927,82.40616109534717,82.30566997157125,81.61909521240969,81.44918465000026,81.2356658727473,80.56700311481414,80.32485654349588,80.16958967091726
593.0,84.9035965863213,82.2247506509963,81.54651764768124,81.10640579067802,80.75198367482906,80.69706672163313,80.49198494110445,79.66080318866452,79.47375421105497,79.46853820984865
463.0,86.77798516780373,85.45985923390462,84.98452212820932,83.62030352609436,81.29006467438995,80.76226015341487,80.47834016419323,79.6711897966659,79.44792997554548,79.03927255334983
493.0,89.54866175048315,84.16895563209198,81.3717377407714,81.33385551803151,81.12148819203802,80.75777024812966,80.05126873041206,79.7737033104606,79.73678073732708,79.67942852241747
478.0,85.04669583558248,84.0774938711065,80.70587662705722,79.83547282090314,79.77801320330491,79.67708821901742,79.36046612424944,79.16029008762729,79.10040283811763,78.96796262742549
550.0,85.88652255805884,83.00534753324926,81.53216388047193,81.51760476827043,81.14388242204163,81.08989479781164,80.7193687973851,80.69601313472322,80.67120871797408,80.58724484688234
570.0,82.37626912148352,82.15192801675444,81.53005400919447,80.37079135051701,80.07656719145125,79.67989790217176,79.63844781717808,79.43214123458215,79.23264714638381,79.24056139246464
455.0,87.76934084136492,84.99786221614424,84.7699570795339,83.8098250607709,83.29446436948275,82.51418337472533,82.21151250577606,82.08296432861054,81.2279640353102,80.27555293979917
484.0,84.03987478311159,83.90922859788972,83.0994169629567,81.25461340369858,80.4175507593271,79.87740403668184,79.8447345349019,79.66334234755547,79.34282483782677,79.22298503145437
566.0,85.83941239599199,85.9054241943326,84.19221896010669,84.07008965437966,80.74946717311035,80.58363277824766,80.26016408460427,80.03183731305955,79.9742513417856,79.83981516834884
441.0,83.41126729010493,83.07479745525823,82.87703762533263,82.29660888252883,81.6058013775568,81.22575977727082,81.23424238740051,80.71348463444396,80.66445823137461,80.50298190616101
570.0,83.18769221474801,82.95463589659187,82.21981684857134,81.91384465975993,80.59914624974404,80.43718759972546,80.24896897634008,80.27453094477805,79.70596269516312,79.7156747145186
547.0,86.9214347805996,84.95842142470221,83.651893034413,83.27083229298373,82.67673525756632,82.58406815266484,82.34119854446276,82.19087976677541,81.10924920791925,80.94936357301276
478.0,82.1695267106969,80.05302332291767,80.03159152653383,79.50870959454082,79.0931017790103,78.94396830423847,78.71197981753647,78.69216964846062,78.51691327870512,78.34422109816467
572.0,85.00655103094739,82.37284538754353,81.76870305273181,81.44396580169413,80.80931807803813,80.48584622763282,80.41885990097188,80.28420134848704,79.90708941909797,79.93448771687652
484.0,85.86820050104605,83.84678466998236,82.09795973763275,81.26530591003836,79.86054718320229,79.51966648158135,79.17725139771385,78.8976767820401,78.7238594232951,78.68526031299753
519.0,88.57290513201491,82.45171917770404,81.34168739198215,79.44996527441403,79.37948980729922,79.26210927744633,79.20216887236738,79.12530811425658,79.08500577924231,79.03955208485267
564.0,84.20633168031667,83.05902043175628,79.74640290616277,79.49992150561584,79.38274400224336,79.12759140405223,78.96361793481245,78.93159185987118,78.79209764009804,78.77097401544097
3.0,82.93439458513038,81.84424903522303,80.45297322801086,79.99792323629048,79.8778303505061,79.60909194792053,79.0742894610823,79.02523782712578,78.92493019663212,78.87799452024123
544.0,84.9298444540756,84.90065302815887,84.0974679049796,79.89860120856153,79.3912447415462,78.57503118413858,78.41834920703724,78.19033346134479,78.05966966442075,77.99133133904364
525.0,84.0506936883162,83.96787872586687,82.97590787977897,82.46266444018167,81.70451811957606,81.59812467499782,81.23846992544424,81.16442693235888,81.05422656221276,80.66860455055745
527.0,83.27259449304337,83.09834553358924,83.01332125990565,81.37168478410024,81.29127722863949,80.34934632657489,80.29945013269202,79.46428324588868,79.3880004318708,79.24412201113202
491.0,86.66175464806625,84.98267348149889,84.60948575687439,83.06591902865087,82.53201132560163,82.15789148327335,82.02802927709871,81.26450927586997,80.98295915824401,80.86044031459957
489.0,86.85688979749384,84.8207119870508,82.89078078528064,82.29577256918816,81.66127333088183,81.1709714433218,80.81640464185377,80.69923938233777,80.5544916898667,80.3508888187514
521.0,86.73485699173406,84.93026750073497,83.90614283167575,83.00406365990774,81.51798373521301,80.57772677335916,80.51133125789652,79.82348529759642,79.74370016577511,79.67586510346148
509.0,86.57682774542516,84.95174157413622,83.86233360914126,82.8805977973734,82.38807669714684,81.41816483904975,81.27941246301287,80.0249099725349,79.9976884685103,79.73076495689
603.0,85.05712550588963,83.81446049903799,83.23615594178783,82.22417986157791,81.54671901435385,81.37230898456001,80.90352723576319,80.43862500125586,80.06490330877847,79.3775412172847
7.0,83.97968822152131,83.03666739010656,81.35088898379375,81.01871950450067,80.37117749452047,80.26271605849516,80.1441772730079,80.11146990696999,79.6792419552607,79.61028807342879
473.0,84.0629149186122,83.86872301197933,83.22429269696767,81.28013139513047,81.24445876497259,80.78123145821189,79.61061541869849,78.97098301961243,78.76434649234984,78.66632908650716
545.0,84.2333827038642,81.2527689201819,81.17755832681586,80.79059530273321,80.65829800062691,80.53948885114653,80.51377583397958,80.4698763169638,80.07272110148492,79.73843010243232
551.0,81.65031648426762,80.85792574086103,80.5558362604398,80.40843704376833,80.35970311121274,80.29375201658512,79.85267624167089,79.74326645510037,79.65446806701081,79.56503769945604
524.0,83.24969085581232,83.21158109517631,82.93608362318409,82.16339685295763,81.48511986562018,81.15196638134583,80.9506318956444,80.44077504309652,80.28591127905517,80.34439316829766
481.0,84.01369691445399,82.44796651112308,80.01499925643493,79.50042586491598,79.4548650917996,79.13224654189828,79.02908400414273,78.87408722294496,78.65963571208808,78.6257380718497
472.0,83.20892503734747,81.59853514084482,81.2983537332858,80.71943217579965,80.64203853272662,80.36204330468529,80.06234293996076,80.02281641164332,79.58307146566132,79.26956713804739
2.0,84.79820600822556,81.38538907389884,81.3166183835888,81.0315940454909,80.70918740861207,80.40931294983308,80.37410658278623,80.05673477988687,79.74694363361456,79.68900495996931
1.0,85.96793792826281,85.87639437305873,84.03693813565273,81.11288187566896,80.50723767698844,80.43584093038517,80.33207280753699,80.00451598769266,79.7875226643062,79.20937215828
544.0,86.6847680690985,84.84798320926745,83.02958916650236,82.29648916395647,81.70154653869407,81.1906530851957,80.088194588974,79.6023317212644,79.52211737908323,79.07250589249408
591.0,83.9296236852165,82.19940270959192,82.08774903179687,81.46261008127297,81.17368287808488,80.61368681175715,80.37468961058218,80.33311714590467,79.7156684129576,79.66996545063952
548.0,85.11504981145092,82.28140906076626,81.43431038550578,81.36941458052061,80.4256122466674,79.98381846781841,79.76312216897541,79.51350353450269,79.37710002817654,79.24762582435737
3.0,85.89082442220456,84.00157007191149,83.14950071733335,81.41875754286616,80.51331337303793,80.38444565959179,80.34486946543585,80.01528062936592,79.9111298578213,79.78820859868762
569.0,86.93207083505206,84.34840100800268,82.3123697952512,82.18921864553535,81.42955211507088,81.05694612102165,81.10723153987327,80.47482719160638,80.18310383128201,79.77732453120822
487.0,85.01787383649247,82.81265022229411,82.32113963164979,81.8980242649486,81.70173211337156,81.38462644112839,81.26305993156147,81.22745000299601,80.9956613378407,80.61790097693093
525.0,85.93427663308722,84.85575589379248,84.83872547028166,84.1030713523862,83.16797066293572,83.12164724402952,82.37955575836479,81.27500938760268,80.7368622801396,80.60124432319097
515.0,84.97398096799228,82.19210348687528,81.40736412904704,80.75032067493517,80.68655051898288,80.5674771122355,80.26948485709441,80.0664381461816,80.02467980313563,79.16543322966848
600.0,84.15713103400618,83.98244823680545,83.3813412965799,80.99302647482622,80.95306301577398,79.47623839581645,78.72169587405895,78.5421845824435,78.53366205474187,78.32501074513894
1.0,83.04295159175058,81.56053477313205,80.85341164291007,80.53247622822178,80.30389756266752,79.92766669167355,79.67218846716975,79.51267218311581,79.46509050261415,79.48866599420691
452.0,87.58019401523816,84.05942868516468,81.8765766763786,81.74308772637416,81.62233866125754,81.3158192830147,81.28826166132465,80.67939090018163,80.30283632768332,80.03914587511191
492.0,85.09448492413063,84.18411667555596,83.30744618706672,82.51309156685119,81.41170904121836,81.33026861005754,80.89234501696295,80.59209673469762,80.38927150335064,79.65222899244488
531.0,87.5595519060332,84.79371534764346,83.86191821908348,83.12072098862171,82.93705009764662,81.59523847053417,80.63141783049599,80.31009328515691,80.0033791467492,79.81486774949208
471.0,84.99451379071871,82.83190989363764,82.20222786259176,81.47949060640288,81.43972697620428,80.58356425826379,80.0991288951738,79.84846249438633,79.37785868436973,79.21150923181403
581.0,82.9805119416266,82.58331026724552,82.20724945504706,81.17543982709621,81.15967213257193,80.76403449451617,80.58083306125195,80.46954788103547,79.7271176518799,79.18285729336354
558.0,83.09891483973328,82.04989445358049,81.71102617360832,81.54772083650732,81.29320694638953,81.10820408653231,80.8844796508155,80.61719540712141,80.58866399375923,79.92846615753591
455.0,93.26225648149996,84.99715429994248,85.09219106083873,82.2613515551092,81.96431172939666,81.78363983624148,81.34654027183726,81.1484305029578,81.18344158574273,81.01415696107378
599.0,85.96680696859457,81.55114945329987,80.97884411419795,80.73341649911991,80.54097007813576,79.91469752088402,79.4585880994444,79.34122905802552,79.0215665589896,78.91981349161185
548.0,83.0359259954759,82.52881552440364,82.23190405018072,81.66265661368455,81.52472785712739,80.4672059896889,79.80215183627648,79.78258978027505,79.76990522102393,79.69712942376003
502.0,83.00662491972952,82.36508484973633,81.90926044836208,81.73571053307867,81.39093083950495,80.75456199426957,80.76501510444028,80.51043901426247,80.10925773146757,79.93421542777169
543.0,83.22347694108,82.08370926723858,82.15507479689549,81.65102646082079,81.58782709696888,81.22564581546656,80.5641589397866,80.29133692473653,79.49545071863415,79.43953441768474
1.0,84.06401917402005,83.16874507260525,83.13988167425913,82.37614927923053,81.6313341110424,81.61351589037035,81.19289009044616,81.10589572227632,80.63554291227196,80.56842490450457
527.0,87.58689402602658,84.06720788313334,83.88088237881614,83.33439411393401,81.53191001577306,81.09961566075303,80.72427047126533,80.63185372510317,80.39076591450946,80.18412580012586
3.0,84.85767763558604,83.37276694189772,83.35005325534641,82.8985988479125,82.26500596203812,81.4543871903425,81.09885788707307,80.88948155861569,80.92939219170769,80.41371587417574
449.0,86.75858895628726,81.5302430109334,80.73970243422748,80.60039404014347,80.42333312264682,80.25019199008247,79.97479190968083,79.76629026504166,79.40324637534228,79.12997353618665
446.0,85.92462699388994,85.8292914312971,83.10247148132844,82.28127706994177,81.19483023024615,80.95930493059754,80.69547825902303,80.62113179623593,80.55651210870653,80.39967985486307
2.0,85.7869129188858,81.0323737383679,79.6835647448842,79.61111041884315,79.43890564519111,79.41856101895785,79.3037391633012,78.93116200984849,78.82922668279325,78.79750724503108
462.0,83.33969566766469,83.1229829817249,83.0292940922297,80.41373100143743,79.94037081316291,79.83487821622461,79.61481591977841,78.97919458156335,78.59405797602322,78.2593329771669
482.0,83.93330898990793,83.06814993797087,81.52326779211167,80.51714906061186,80.46390845871231,80.39025807361834,80.31597130033188,79.71635856457792,79.55247638094754,79.08994890368041
502.0,83.38856090455593,83.13705643898263,82.14632008794541,80.70916143160645,80.61261458348791,80.32072716660473,79.91290869219033,79.7605803738468,79.44963974929013,79.21423514411575
581.0,83.1871653095485,83.30786111356574,81.49971335264964,81.26311498304182,81.18300294048318,80.42458621175862,80.46215442544035,79.78539844569491,79.38582152592107,79.20951340680531
525.0,88.7214201077046,81.70883296798459,81.38142006214443,80.75511225072525,80.4592300545446,80.39477932499878,79.87889758273744,79.75902078002167,79.59570803398853,78.90027908601711
541.0,84.88496533210193,84.14238394091821,83.11226022111602,82.12782696480316,81.2868929849314,81.05581826290924,80.00993690963391,79.92400286726341,79.3148403700804,79.05115356584649
593.0,84.00298921324341,81.3891351955061,80.59744450186153,79.95718851151015,79.93010140019041,79.70342685092386,79.24464684370191,79.16624295380123,79.04903045748011,78.82750149227972
1.0,89.6678952011436,84.03489034690841,83.03177125062493,82.84889572099871,82.45278739718236,81.5729951085428,79.8605799882654,79.76159180198627,79.76887678919498,79.4335402239078
475.0,85.80905198158422,82.52603967387675,82.29433908847697,81.7834883763181,81.53098697266681,81.19660469470456,80.77408192655976,80.60845596683735,80.52601534309453,79.53852982293876
490.0,84.05266184511166,83.11465128314033,82.15106047296425,81.51155947503538,81.29477375963616,80.88981191203365,80.48057078474442,80.39768278546953,80.17208768867312,79.63158580055185
1.0,85.84371747061235,82.23853659312837,80.88966352368828,80.45708937556374,80.1891890362164,79.52020118475546,79.47830273779108,78.95944133499292,78.85635149384451,78.8198918220927
536.0,85.02151100541707,82.21222867464411,80.55384208590378,80.13948845995367,79.93658575555149,79.51271300841469,79.50039802169918,79.37081409004931,79.13095870025316,79.03855231593664
469.0,85.71651167016977,84.5075097801609,83.858179869213,82.96267979695871,81.93477041163537,81.37177640610699,80.65772694682168,80.58910129483048,80.39678295370065,80.26245070961211
449.0,85.02446989269698,81.22641515025425,80.802028100197,80.66342498718349,80.2042986525477,80.0664399981466,79.72168118563053,79.67692534139348,79.25980797192778,79.10199282842993
559.0,83.19588474560153,83.06901869244422,82.17182950186343,81.31449566594853,80.50630827334965,80.26759414571198,79.92000081163731,79.86143132037559,79.65948609377786,79.27322940394997
414.0,82.16501697674332,81.23010372623378,80.73420844802602,80.05433009283192,79.94267994328595,79.77884302943632,79.73129589480952,79.69845002530475,79.54788380343889,79.12248619315129
562.0,85.90343577922107,83.97504400498075,83.83832236944758,81.38030544946372,81.0048197598088,80.30723264356389,79.83296934657172,79.34308456946972,78.87397717041037,78.6041346755211
2.0,89.63180621045315,82.21801950401652,81.54771816748344,81.49443602631537,81.45616958377728,81.38201779214545,81.41662399837494,80.34247157942202,80.12819053844268,80.16088180620105
521.0,83.25059694078688,83.13681828642748,82.30371498501246,82.01756981149568,81.59691297034172,81.49818482175337,81.44159756276541,80.97878724024895,80.65016037892592,80.52164678460183
1.0,81.87060582713109,81.40471757367352,80.5615293856164,80.3786042093617,80.23825459156126,79.92612665742766,79.82109122317897,79.67129017172167,79.66470533090899,79.54105556443675
467.0,88.67611396857082,84.04522338103914,83.32803608664867,82.37835313714126,82.10554823227854,81.4033310804902,81.0180778269888,80.97981069222791,80.69786981305847,80.42785648609805
497.0,80.62246232399147,80.55886873231945,80.5162922127121,80.43157371957712,79.59357107108711,79.51324567453997,79.04652673762543,78.62556084400516,78.42204526033821,78.375382852142
467.0,84.87651883725738,84.14892388130097,81.18118827404366,80.66602193827902,80.42874704112688,80.07023353473367,79.85554153414154,79.30381023192594,79.20703803331654,79.03482332584906
435.0,83.09953790632062,82.98324785300942,81.0103908571428,80.51001318501982,79.74488886927375,79.64989758831764,79.593405086582,79.54332762581377,79.12643616022963,79.01257202960299
532.0,84.98618886803511,82.27911782474092,81.70151513173192,81.36474311435256,80.46128339849389,80.03961691999088,79.97760538791091,79.79949001420958,79.6852232760622,79.49400562943829
2.0,85.06470366132254,83.18174789575181,82.40304438135726,82.43455132458544,81.22740693749766,80.61284528645483,80.49480522981864,80.45103870363582,80.35057510123346,80.1454892704728
473.0,86.75305817526726,82.21761464097095,81.6682831856023,81.56857655973891,80.51500102735152,80.48970721052186,80.39559785493275,79.8388883582345,79.7985231929368,79.48178955147475
609.0,84.96413658782835,83.25657953455483,82.43190846183441,82.07079493799574,80.63332946782083,80.5007727533995,80.06443229103105,80.02580703092885,79.88663866329763,79.7895113314883
3.0,86.67751357572611,83.86451239464544,82.47861537966644,82.15624387701257,81.4420044875392,81.3844251830411,81.34586798291804,81.22584527216165,80.36764452106306,80.38747308348121
2.0,86.08139279328853,81.42230365951455,81.21338702604803,81.00672654818321,80.89865408990121,80.72578572543503,80.58725091061001,79.95250252775924,79.67574801465008,79.39221414089756
510.0,85.22422135749422,82.97603583155485,82.70316375783727,82.62816714729104,81.9161407561747,81.28620204725829,80.60064026191758,79.89983984443118,79.80822602113807,79.75029674722856
563.0,81.25379875019946,80.75548877941219,80.6495812129639,79.83595968536982,79.64250419435895,79.30416120238041,79.22276468909902,79.03057200607384,78.97370965800256,78.93030234188731
594.0,84.06472718692758,81.95277779620238,80.5326719521339,80.45903092915928,80.2141777087142,79.56779435370257,79.5242625658839,79.37008373043085,78.98338098455623,78.93250156177578
581.0,83.23980855026565,83.15043813796402,81.50688347909687,81.47458733397467,81.31650925017702,81.25260130313136,80.51194769207002,80.29034693901448,80.12179819330841,79.96578393215242
513.0,87.63670198095147,82.17551393746393,82.09159522888142,80.55367790520494,80.48973024526858,80.08865964458705,79.93038185933773,79.81200285245129,79.69552756134483,79.62356867898325
1.0,86.68289347851068,85.74647061201975,79.71913097181579,79.66775053353594,79.60651142142737,79.57201027613658,79.16402058352799,78.81295607722195,78.82501046402345,78.52266240349104
550.0,81.5462122847482,80.59819966858228,80.4456148899152,80.30948739812887,79.66191978838187,79.46143279414756,79.390046336987,79.17672244274391,79.04615545308354,78.78332238039013
576.0,87.63818400442712,83.05630420080138,82.45964190747003,82.31227822253454,81.98556740463462,82.06039780035145,82.04716002548567,82.05188210726327,80.11575807763681,79.91325163002014
476.0,86.63815078329414,85.79309700605957,83.13193116173356,81.62665652965403,81.13152771856792,80.58309785965993,80.20043255645012,79.95607702905083,79.76347169369939,79.66123040393472
560.0,84.80146581676306,81.2296927604991,80.54523202572614,80.38654611620011,79.95190163519894,79.42498427092679,79.29216242203633,78.99626281041414,78.92799312064388,78.8310546398744
557.0,85.91637822472373,85.81478633070985,83.74033152752281,83.2415259615559,82.38925646845202,82.30760886055683,81.8634629807373,80.7829493633808,80.35492695248983,79.92976476034828
518.0,84.22861214912326,84.12905600317963,83.85721422195815,83.1875413570761,83.10932532848665,83.0858425256731,82.95590878554013,82.4611973409579,82.14958965035184,82.12820666075199
1.0,84.86037628395876,83.02735828460365,82.47498351846899,82.10018101404263,82.11404940185865,80.59044450286204,80.48260240947504,80.37400165976358,79.82502397270119,79.5211288019905
531.0,85.92458153666466,85.88372956657206,85.85128911349368,84.8961878382027,83.28589457337766,82.28799237720614,82.19300899609632,81.25685394081769,81.15892295352265,80.27692955665145
551.0,84.7906609527005,84.64050481488259,82.09387367153018,81.97540154780401,80.64483790089736,80.61380129413972,80.32933305032661,79.90011282699848,79.84515003593842,79.76038238993536
1.0,85.06333748931124,83.41327805639303,83.21538803667633,82.42558324045474,82.33137928054946,81.71872792337685,81.66349549194283,81.66574202825258,81.27769719367456,81.34549428712052
536.0,85.87969953304044,84.05156362689306,83.81104599460262,81.44915008702864,80.21583238605784,79.98681551172014,79.81044238528591,79.749532416521,79.48137696213271,79.207320063924
524.0,85.79603057621327,85.01363905937448,80.44525102153764,80.51922946591225,79.63453240244813,78.92325021428407,78.80244359156049,78.58702026612016,78.43968691417096,78.13395346031665
437.0,85.80887089736387,85.78535594544711,83.1806174283225,82.94369122565536,81.54965011813393,81.27966525567938,81.25586890323292,80.41854524965466,80.40621001346472,80.3775103333778
470.0,86.8322269622535,81.39655338790172,80.42271937943435,80.20021942977765,80.13168482173158,79.54178858339199,79.04895612880391,78.95282490740135,78.79295082408782,78.70156092113307
506.0,83.1600255394397,83.17543098612353,81.48164885408487,81.24354055884876,81.17791805067743,80.58636872535048,80.36959597375805,80.28828152805976,80.08907538408018,79.90754347758411
3.0,89.62783586295494,81.82850348455894,81.4348695112462,81.28732712735771,80.55489142609348,79.50695079979144,79.43380495836372,79.32568520393602,79.19556512106584,79.12355082242651
626.0,83.99617015920995,83.06024512363571,82.26281179354143,82.37160433411896,82.36652141368164,82.3304138504629,81.63225685118353,81.03892487521377,80.14976958806548,79.6709365066758
1.0,87.60863545635793,84.97311800752917,84.92272758546989,82.48243742460606,80.19101859410267,79.81214224999094,79.71052323856188,79.59099647592562,79.35505082535684,79.21960096850462
498.0,84.1963921447599,82.38547359804777,81.48156900731445,80.77090521537465,79.99731435928585,79.66840666798964,79.39157777847764,79.23409013885541,79.14459224006156,79.04795991000961
450.0,83.23083728061472,81.76326620352224,81.6858963129093,81.60098183846978,81.46688892021908,81.22801810948413,80.67143592425067,80.3736278482501,79.80499829852168,79.76644568661028
555.0,83.9744427643712,82.3291627517026,81.53699138075321,80.6485607742255,80.47306874489303,79.96356497953506,79.76546462142355,79.53914826062399,79.39102458725777,79.28908333637615
2.0,85.87384777928082,83.01836289727093,81.70922263599664,81.43038657654513,81.32336665251722,80.60305378237855,80.18143113523716,79.85416170009066,79.68533273213707,79.6325017112689
569.0,89.69336529660671,81.35922821122486,81.21559494926552,81.18214493770505,80.80688442797033,80.77700115763056,80.37060447891572,80.19906115617631,79.9060861880158,79.2522360788062
498.0,88.78634261727697,86.92175586520912,84.29244444285457,83.16306219552165,83.0734781934384,82.0251320287866,81.37688090745173,80.40138988242836,80.21381647480119,79.91214007282957
610.0,83.35461713497432,82.63231362346275,82.30902658818799,82.18620768412491,82.05506237823438,81.28198158350288,80.75994666853204,80.42960649398937,80.11288417929748,79.7973575744605
2.0,83.26483858295832,81.2629909797081,80.7368903827775,80.47928360934698,80.11019534627759,79.73850459547266,79.27874297644102,79.22274775978933,79.14991718492838,78.90911906657769
1.0,83.16407986607689,83.13192479055863,80.3344537770418,80.12649960932988,79.94074062062374,79.80872495842904,79.76192933469981,79.66363638492875,79.12471840904155,79.05630819015767
406.0,89.55507772578838,87.57238202933893,87.657237969328,85.73445512685711,85.15763658783055,85.10796144407855,83.39748456510415,82.0993522001359,81.44992334909011,81.46925175610451
1.0,84.78238265994132,83.14538151210245,82.35853780654865,80.86396232900216,80.84397429487235,80.30919915444913,80.25703270313002,80.02065121256958,80.0535816378681,79.52626516143958
440.0,82.9702349138956,82.33961393299884,82.18418167720816,82.06985152152939,81.50373828443996,80.95294372787039,80.27470483224039,79.9838081200277,79.55295508368728,79.46891285087557
606.0,87.63665454026419,85.07884966030636,84.44288319873431,84.18564350394058,84.1160139241182,83.34671602730106,83.32651111170114,81.21594877608071,81.24109265304517,81.02743201759829
477.0,84.89286966907825,83.0191239507601,82.25410491325073,82.1368410239008,82.08123554662855,82.09018217569579,80.75922441281143,80.65266558320882,79.90270688792168,79.83922718201987
507.0,82.31681037633727,82.23992617333529,82.0180454836063,82.15573946186586,81.65679797113154,81.34862806186952,80.41983287318017,80.30905390023784,80.21615381786134,79.68399427462155
4.0,81.26036296068138,80.72118447550108,79.92816023664061,79.77441043682607,79.75963575253834,79.63201108910346,79.23962128515817,79.16099806666105,78.99043484201871,78.86023109237621
524.0,88.76109677674681,83.21700649921372,83.05052461386225,81.52652360422141,81.43391661586179,81.36330997878495,79.71833307491424,79.67256571673173,79.5665988831027,79.03296082431615
1.0,84.90794805774121,84.81292299220752,81.48870754961509,81.33971273613135,81.02507657672327,80.50730433909865,80.30209554050036,80.09081479124224,79.61091184413795,79.43267661954728
3.0,85.84722149561142,83.18502600861811,83.03564932906137,82.57212084897796,80.71989481068455,80.41042113669077,79.91725313715364,79.88960647031604,79.76798785874362,79.47299402137439
498.0,85.36129669106592,85.13562509458127,84.92509898517217,83.61578469726416,82.14029422534655,82.23084024884044,82.26008373435869,81.49757050454012,79.70373855586708,79.66015480823381
1.0,83.36946643086875,81.20198726379456,80.23028440449559,80.14104300815859,80.08207061947849,79.61720503141815,79.41305830927581,79.372989137603,79.15975855142811,78.98121540770785
4.0,82.8019671685308,82.58481500819555,82.20853764047584,82.07564452578549,81.70541288170647,81.2632790470227,81.18466908203533,79.88717854668954,79.68674855355813,79.04210828089093
605.0,86.86811191521974,85.74391073180486,83.88782910754148,83.06581433864208,81.37133559949584,81.28051008491678,80.71681428357542,80.47059757446979,80.02191099571675,79.92377767795813
492.0,92.49154198131801,84.95497139182054,84.0902787360634,83.16603329163186,82.12909232179402,81.58786469618346,80.83237994749607,80.54977118670593,80.1884958340858,80.2291293034589
580.0,82.4944060589721,81.32077361965602,80.66581376755393,80.36740613545058,80.32686264422397,79.9060864969945,79.86338399317208,79.82109604792791,79.7632362984422,79.46007432211738
567.0,85.08408073699533,83.93860083196455,83.53354435955707,82.34443316885714,81.90465117235314,81.51979747464176,81.40078333596998,81.01816856259877,80.25687983603075,80.1739396270006
470.0,85.04566398069367,83.58369114208459,82.97353183776075,82.65893955817775,82.49651052060739,81.43595198503097,81.38625690580466,81.33968212344188,81.2895295917155,80.87719152134422
481.0,82.92157082366448,82.28133627998425,81.67025491315582,81.61768338740957,81.05368714944386,80.91581162399112,80.747010079619,80.69839150058318,80.54501567185766,80.17341688315449
502.0,85.79976640963167,84.12420569400588,82.38087989651649,82.2386555275716,81.42674144032208,81.3161636365945,80.72442429394398,80.61480034345693,80.138104888349,79.79161642205686
518.0,85.83716506760452,84.88511074532141,83.51124068356216,83.3650105084943,81.52162960243581,81.36554671699943,81.27022267337314,81.18188609771809,80.96238827130682,80.05519861954383
496.0,90.4714251245725,84.86704775091363,84.17638255393791,82.38065081784596,81.23089952021472,81.09084906886409,80.46199403756007,79.68522248400431,79.63198100254914,79.34561976090721
506.0,83.59672070579505,83.09182047129843,82.2547645451819,81.27130650298614,80.06582430893496,79.84958084716817,79.71206866158654,79.34125660186957,79.25228839918785,79.01881267467881
2.0,84.7837398185669,83.37940071667572,81.887529807675,81.60491802085036,81.32286647681106,81.30815477873158,80.76707298759479,80.32304094075957,79.96105013128573,79.8491837599306
567.0,85.80258385578166,82.13456776508517,82.07632869459349,81.68853271743063,81.42570502016656,81.28341649096366,80.86947744705638,80.35536568747744,79.79443533676006,79.61882712980703
512.0,87.69957906049332,84.87409619583971,84.37237356956861,83.87108573941292,82.15103161124217,81.45909729185702,81.32694912182544,80.97204856496793,80.87950026943717,80.27508700150493
524.0,82.37534097639865,81.10566770624496,80.96073885468303,80.74571206808885,80.40862406465293,80.10902099182096,79.86754581751512,79.63399430118797,79.15967105100194,79.1036345856881
512.0,81.61156493889165,80.57071280605504,80.36753036151413,80.17044678096481,79.808802008581,79.63407149446091,79.42277523604504,78.97412536831841,78.88314454602524,78.59662288812639
570.0,84.81899990056807,83.28248855919905,83.11407135814022,81.3337336190393,80.36843699074542,80.25831163415604,80.24168561290273,80.14147164263379,79.97769352177335,79.74025168470514
539.0,84.730416981133,82.44624139877133,82.38074961903902,81.77197597639663,81.74594630276833,80.50433655320964,80.27424072401398,79.93199668221108,79.84093868697613,79.66806781675719
4.0,84.91992088945959,81.60021454481829,81.54894675279893,81.40647013699383,81.4472462029221,80.46173196783059,80.34313868976857,80.28209517706999,79.88992570774079,79.66934843463477
498.0,82.50543933576533,82.23162323893256,81.59142254025261,81.5352685720627,81.4873739199493,80.47999964344314,79.72709322533434,79.68203007778614,79.56988779547946,79.4430006165952
519.0,83.042559330341,82.94778239887296,82.23610444231153,81.65417538273704,81.52750040090064,81.40495835302818,80.75430324169413,80.29344099517606,80.21838138819352,78.90442669582815
551.0,83.21959357849472,83.0624558768311,82.96822829191956,80.67050265699807,79.83817725552143,79.74453323893624,79.6950753920713,79.62125628335087,78.95090549231085,78.90451586712062
468.0,87.7086854839973,85.78641963966685,82.41731886407155,82.04814061438569,81.24018619685506,80.7917754526158,79.91057439780454,79.86468274773135,79.78635666693594,79.66703573488651
531.0,84.83822651706161,83.30643183392964,83.11905298731163,82.5075387509603,81.68973751858582,81.63807520994163,81.59964195140357,80.48363800045003,79.75135026887504,79.68504574731705
634.0,86.77648933344395,84.85804148934923,84.9533025854445,82.52232000145794,82.43857649252814,82.2961942687603,81.44327452638686,81.33724934349421,81.07451482093667,80.61862803718225
498.0,91.4493978104039,87.78995868027928,84.40103066392682,82.39181490148904,81.66518515372807,81.46835155380158,81.08736443429216,80.2871971288196,80.02432994810424,79.69160254536911
442.0,84.11002614707947,81.89213544406823,81.20544946133985,81.1018469315114,80.55544333009533,79.72997968247823,79.67670889215985,79.64926310913546,79.2702356578159,78.94923666472617
472.0,83.96804519019199,82.3514854345051,81.62369307855982,81.1341012014177,80.92567344571314,80.68096746300667,80.44008343061272,80.3516255990766,80.38762763325818,80.37527103754887
440.0,84.95404409150291,84.14990973275982,83.20884781786101,81.19315663031396,79.98315623841013,79.76042952508928,79.63628941923508,79.48740008374882,78.9760050121539,78.9008025003346
512.0,85.90333484158273,82.9998859096513,82.13641342463775,81.45418126436178,80.6259781260047,80.35559477496993,80.27204630812116,79.37086724803694,79.25622924678824,79.11865388299306
1.0,83.97919075973067,83.02345872908029,81.28211735193324,80.46426264539397,79.83778245669407,79.39152935313162,78.9332536204811,78.57243227673895,78.46963664649745,78.253472131344
1.0,85.74331342844093,84.1755799584046,81.70869718313551,81.55384530140445,80.99363812966615,81.0783455198588,79.89369669046684,79.79224095921539,79.71808600149568,79.58173943605969
1.0,81.30867247286726,80.49685421282575,79.80274102766423,79.83860254402929,79.4476582390448,79.18426538865567,78.83685918922635,78.55934681789296,78.40792714130268,78.36173900053902
1.0,85.83218373559548,82.41263411528482,82.20954440500007,81.74645541200063,81.53727479043579,81.32191740100613,81.31613923544114,80.39349102039994,80.26364611892615,80.18384873799324
2.0,83.21319356948243,82.4230290145168,82.3954724455651,82.17023285950633,81.86950427405968,80.71355267740532,80.34170984286476,80.22233811842328,80.16187737862359,79.8173700023222
1.0,85.72873906337647,82.25146538985965,81.64220142904512,81.48692896046718,81.2756961569809,80.73030310709687,80.54247745400767,80.46238670232869,80.05200321695955,79.65947380675215
1.0,83.1922431144242,83.00332279673447,82.15352807112461,81.54124101507342,80.2834979438257,80.05894921343075,79.81131256336157,79.6722718300633,79.00932204361979,78.93797700020413
514.0,85.8005560716284,84.1381254479234,81.58043713174523,81.28414154803264,79.86981812238774,79.7621763790042,78.72342968554351,78.6910348384276,78.62203054460288,78.43260089097359
1.0,82.27288181096112,80.80733659832069,80.66993419077798,80.56231459904627,80.36253638525508,79.49577071796816,79.34992099893276,78.94193268070289,78.9273952848383,78.79858327091029
554.0,82.32944723763549,81.30537239831749,81.25350678129223,80.75164089828506,80.6594573623408,80.55274097980006,80.1130068027609,79.84971694451386,79.77470501068628,79.55213432246222
582.0,83.1078695612102,83.15452926080498,81.46767095625384,81.43939088138274,80.71889924413556,80.75331490285674,79.87144833201343,79.81531803960313,79.51290326565463,79.33648536330027
620.0,84.91148366544593,83.4022227598415,83.1533451424944,82.67136481567363,81.49828040554245,81.38517532529559,81.07382164635241,80.56413135645748,80.41458688652754,80.12129416277814
4.0,84.83913471664647,84.16987817026357,83.97749934672375,82.67000690946736,81.4180434035141,80.86935209408672,80.6979733535214,80.5247738411628,80.3317504649452,79.4555499283566
3.0,85.80105280097466,85.08059396288357,83.76053537498048,83.31827269675289,81.63229358697963,81.3058216572228,81.17183167150776,80.59586411301271,79.91132029922471,79.00148594320088
2.0,84.10386640501291,84.00412325092378,83.90381254951022,81.1466806178057,79.66283569617332,79.4554925685685,79.11127357323728,78.94306622269016,78.69629775522564,78.18535641320179
466.0,84.36863520299202,82.43096177118242,81.97654911619095,81.46905123652871,81.309492342041,80.84066953003754,80.25050509153343,79.74565535935776,79.75598736418462,79.45036494463052
524.0,83.95823733743953,80.07149396216995,79.96245531381398,79.16959065307812,78.9784777312399,78.74571707379413,78.59218668463176,78.53001654444154,78.45343448641182,78.22233135797663
602.0,83.33092849366382,81.30860808531433,80.12918867277257,79.91691007194322,79.69046961595477,79.62168158653725,79.53646073588013,79.07798708782782,79.05406708547936,78.9146067688578
599.0,82.96433687348463,80.51695174388837,79.64269794819035,79.49830361496437,79.36608154602824,79.31210124110189,79.0476039390436,78.41565183338857,77.94876073858642,77.89783263394123
2.0,82.53002323982001,81.63844338426306,81.43987363460428,80.74131464864787,80.65497135898302,79.97067097642861,80.09814702123356,79.70240120269868,79.55911813867445,79.01093851427234
527.0,84.16547140484349,84.07836536973586,84.02082312658902,83.25912879112444,82.08282141851355,81.51635312043693,81.48912291253652,80.57504119008473,80.4078200326622,79.88325729441671
1.0,83.42549333383757,83.13442797789747,81.48750876131727,81.42561196355003,80.9924311135104,80.4668971323445,80.38410429644978,80.01570874818812,79.73764990874588,79.64589758712485
521.0,86.69065034892199,82.9142875155829,81.66786375004386,81.35668383504202,80.70959943487266,80.46255828558118,80.02858260308912,80.01682648865017,79.85892020337334,79.78048594530522
560.0,83.3216831657612,83.1114328143013,82.25143703387462,81.56693324211669,81.32852737520363,81.16288524505961,79.88002208641608,79.86235766202041,79.73483519773254,79.48686219950358
438.0,84.31329485446074,83.94881178598946,83.1038995370254,82.34485339724368,81.54863370696431,80.57567992047554,80.43852071808584,79.58084783482536,79.4615758813643,78.92358495510899
496.0,84.76367380989936,83.02102996888614,82.34226126881973,82.0041499483515,81.38428360356748,79.70473025991517,79.17238839198433,79.04847254367223,78.98603547273807,78.9788087412199
8.0,82.24431322734169,81.97863571200091,81.88582718344607,81.12510710746534,81.04815307530859,80.81457935500013,80.67864534268986,80.5379092205918,79.87606000295393,79.56771244435666
636.0,84.09503483525167,81.43298778140125,81.29989507382936,80.79318354661704,80.66018471042845,80.46178245579917,79.80844894512896,79.81912309223982,79.58009723010521,79.37411023813405
507.0,92.32095067007056,86.78133560145385,85.9328037035365,83.87142419032956,81.39739566277534,81.36495336715844,81.21641805234447,80.37996914895062,80.21850298091387,79.81315605577345
1.0,85.75677904584397,82.93614942249205,82.98664187874738,81.61952648306725,81.37194342884374,80.29558462081224,79.73835899821545,79.69398513547797,79.67819095583185,79.59168314559228
468.0,85.79380643378535,83.48703470961964,82.3474452972576,82.26324081874085,81.44629490254532,80.58134649054237,80.46206788752596,80.4014188018188,80.35627666733838,80.27974924793965
2.0,82.12660600573284,81.41998816640351,80.96501046637263,80.85322054435993,80.58288913022083,80.4105534254297,80.0870454455874,80.04454249508333,79.88381704115879,79.90365155459946
543.0,84.06872097394397,83.9110122284078,83.22015807523876,82.27819786886118,82.20282764645259,81.27222370293622,80.6146635367669,80.47273370658175,80.3571975176984,79.897773217515
598.0,84.81834235870681,80.67449992732723,80.61430826387493,80.07637804604501,79.9005023196699,79.65544671422973,79.43386004742621,79.36182415459064,78.98046343267434,78.93796573360315
514.0,87.71436682880869,85.80848852843934,84.88683702729135,83.03239988235886,81.48624206946965,80.85877232338854,80.60067267414243,79.94766007121706,79.77864555465301,79.7483684006582
536.0,84.21501820223516,83.10729422949471,82.82619689726225,82.33789637948898,81.52670488233913,80.42527878835264,80.06439754389072,79.7418301690637,79.48664829257758,79.41967546240917
1.0,85.93438724319817,82.84895779398713,81.42930603045251,81.38507942861357,80.4447079214211,79.96157743912023,79.18420164384439,78.95210513946682,78.80005953593336,78.50037708158975
501.0,82.3562873980378,81.30593072435194,81.24047971827977,81.09435031731996,80.74330246737436,80.40768537590489,79.78260694440552,79.55449068348699,78.93120055176638,78.45988103642136
574.0,84.87171725646486,83.27095763459623,83.14712534578791,82.66215803412524,82.10080211932494,81.04064941450697,80.69778462464974,80.66008529820414,80.62624833871386,80.57840308162415
489.0,87.62601594600932,84.49005335250449,82.60974247608178,81.22967076554065,81.1480441034739,80.74937621743518,80.36228813543954,80.12126466424327,79.00451998453377,78.83954142373065
537.0,88.7982283422451,83.03649799673067,80.3929617052075,79.7791876895038,79.70035077744454,79.63170477206938,79.28026622605186,79.08948608653046,79.01902932505025,78.78840272110283
1.0,83.20510052682228,83.14377252113917,82.2627116737298,81.3723077315499,80.7525097004221,80.73963457366447,80.60685361223784,80.10351612095627,79.92874841901919,79.6426634518091
558.0,82.98668036253181,81.34483294814578,80.53280249621,79.95112800153512,79.69203737615538,79.59495908201569,79.30490505114123,79.03906215476546,78.93786147162415,78.84929882581466
508.0,84.71465802410638,82.60758171992562,82.29202803361885,81.38857189561826,81.3571235493018,81.01258455082905,80.08866441672703,80.00474914835166,79.72660984037454,79.50152080608447
2.0,91.48844994587729,87.68003117634161,82.5827993784418,82.20454097088204,81.08658988643546,80.69944956042468,80.04033939012834,79.64098602370781,79.45758691947991,79.37853998989013
550.0,85.7902227908798,83.28239638268194,83.1481985907779,82.2477265106917,79.93765783928536,79.79769514190626,79.53981284787902,79.29372777278058,79.07251075524368,78.69813222487764
567.0,86.04122778604473,81.59462475277022,80.83136740065854,80.61261306886315,80.45326681204084,80.36444097486489,80.34295889997483,79.78990489400034,79.54366045262067,79.5300165692444
552.0,83.30552679020485,83.3310440387175,83.03268734771416,82.38141442967672,80.70037428017018,80.5935809463997,80.31167782865161,79.95433357256738,79.92162013088755,79.87254165362614
488.0,84.85017982809018,82.34698907931266,82.14337072898937,81.25493511698878,80.72591659147088,80.69165919183857,80.45203185042965,80.35566638258317,79.9729722182587,79.73771268221549
528.0,87.88925947991049,85.09240518731767,84.83866906432682,83.11126287453509,82.55878755793333,81.65366891413126,80.93505355748995,80.65349647296588,80.53788629235156,80.56836360901585
482.0,82.69711249183672,82.06337616045371,81.4375977463299,81.37218781391067,81.05412539087403,80.95239504866261,80.7906045046762,80.02750043489564,79.8512709508899,79.62220332829747
1.0,86.76624143659585,84.99509226298173,83.09746799271002,82.04864979621928,81.45689786198295,81.26132943736224,80.44430361652401,80.36325612142109,79.9498753730216,79.07769668442255
418.0,82.19083705556586,81.21628334865798,80.59417047151248,80.36753967075214,79.8082596974545,79.74962078628884,79.4331868188418,79.3679484944559,79.21984167710093,79.1717577183867
501.0,86.69100581507163,83.1744958467302,82.83966047073523,82.4276480737119,82.00889205442873,81.2783456054487,81.06726560592392,80.46336097935654,79.78502321446855,79.82401098097611
1.0,85.74394033588356,84.02170310282338,83.14017099887279,81.61194494360933,81.45672398704605,81.49487905411222,81.23458483613469,80.55116520375034,80.36456597316814,79.88258965299781
577.0,85.73937595607516,83.27474847112902,82.01448542719379,80.8386268878724,80.32552138403639,80.02461744635666,78.76812219223734,78.68242777185463,78.5848205841411,78.5075082314848
2.0,86.93391707357387,84.18328722563547,83.32932036019221,83.09774771956363,82.33323725449229,82.24201445468125,81.55048905245425,81.41222675139217,80.81563116873332,80.53655495993588
502.0,85.96660076732515,85.64939124775107,85.8614485575354,82.64242369956392,80.99532104629674,80.67464368542282,80.60708557582461,80.48028238386638,80.455031453577,80.29531640209302
546.0,84.96874534089254,84.41616468168523,84.00133584039835,81.89490163261733,81.60068186494811,80.44618850907948,79.94401327071517,79.86965139373766,79.74851145768093,79.63426228323821
431.0,83.32017341109817,82.92829886307413,82.28683581347444,81.04338752154783,80.70818962085507,80.57986498712405,80.37689633256767,80.31329423240209,80.0553327125551,79.90808368882472
531.0,82.29399637583137,82.17245720582247,82.19839490726281,81.31867809546569,81.1563896560992,80.42048380742236,79.73826000889618,79.70288711751225,79.42356983471866,78.92285447759238
568.0,85.77351310597555,82.4404076009375,81.22865052726814,80.16321576141011,79.7618135174968,79.62704013459374,79.41574640788018,79.36048607415297,79.16471479744861,78.3541964763453
553.0,82.47453992264825,82.04700577922227,81.66381853021137,81.55233869836908,81.19830139438608,80.68760747469652,80.49632546134298,80.39505845807618,80.29004910827284,79.83142229893916
515.0,84.85925994501808,84.09682430766071,82.18325403820752,79.84791755433294,79.73529867723417,79.21250187601241,78.92507742476347,78.77694843079819,78.66239230141444,78.64129909600514
584.0,86.91362105320842,81.47525666063503,81.06014840433994,80.5381209086861,79.9295078347266,79.77870887596157,79.3341216816183,79.2161205808481,79.08173199952556,78.95734707330357
2.0,83.16103001236371,82.40700051895207,81.84867207290549,81.37174466437693,81.28908757916679,80.77193506361651,80.37500337489072,80.25472609358356,80.08347395836014,79.81766930347146
464.0,82.92897892363791,81.6774289943804,81.35241875575593,80.19859417673167,79.9903767505473,79.8508553749798,78.94528208503296,78.51224168141538,78.48396676918328,78.29539316929605
1.0,85.01781075544373,83.98179313461074,83.24371378597455,82.6004490398696,81.46178314060826,80.5631446331459,80.44990893006022,80.42768862166547,80.31448566876499,80.23061834532986
453.0,85.73856774452275,85.13441192512096,84.19523532335937,82.1224659754144,81.70952721780452,81.26424908445952,80.77240643001448,80.62200792897652,80.52850937242151,80.11073056529617
578.0,86.88598026311962,83.60880417440485,81.36273301649271,81.23937317791487,81.14637175106472,80.3753457921497,79.98333811000848,79.64862260004352,79.17980923000496,79.07419048839414
500.0,86.9626665699128,85.14282632472668,83.12807548329029,82.17953355087367,81.4468282914235,81.38716496186255,81.19456497023349,80.52313649786119,80.35229121889675,79.9976871046332
1.0,86.81015207351143,83.17599063112645,82.7221453012057,82.27974793611001,82.22084336398203,82.15779537724268,82.00218530910797,81.43722713126297,80.70534612838381,80.6249780058726
3.0,79.58711493583587,79.56908972420696,79.4975377676765,79.26626462924246,78.94677256814413,78.63012710432037,78.3487767914199,78.18324366372657,78.0854596726049,78.05189738254249
568.0,83.0315449611454,81.47180652386959,80.95905102795271,80.74008781230187,80.26365445031905,79.71220181045479,79.64895161260277,79.32894918291159,79.23020476871903,79.01268806441537
567.0,82.8631434529941,82.26547313124478,82.14184769287044,81.40546685960904,81.3509722531435,81.01279957966246,80.39592418122027,79.94034864110142,79.7514098609458,79.6873743379585
496.0,83.33500461835891,82.9670323806783,81.0884175178269,80.67084193284062,79.98592080666889,79.21747523853551,79.20242838098447,79.03078207013253,78.83679999476442,78.71961368363321
494.0,84.14787786887707,84.06578095966157,81.67430515921733,81.09251769392952,81.00680174885785,80.8486651322673,80.24368597319683,80.03498426913431,79.61983097038863,79.5255545132354
497.0,82.10651398670066,81.36552511758778,80.83279481425487,80.69710305911566,79.71779121192733,79.35654480555297,79.09886999349435,79.06395716114908,79.00900669798912,78.83537005588647
2.0,83.27939965869746,83.23427891603082,83.08359139042987,82.44256250987065,82.36677895524723,82.1049470704737,81.99889092229328,81.18118306515866,80.89185495400936,80.75915080000948
515.0,85.77237972242034,84.89397745420455,84.09039338916367,83.37568146113232,83.14063975711392,82.34646806122089,82.16955140159912,80.75915134467445,80.73077861046819,80.45989023512371
5.0,81.5941784502764,81.33927514651938,81.20650995757637,80.38248504605006,79.7801096166042,79.75856300127454,79.72969174069901,79.66755599207448,79.3136646394051,78.84824756000064
578.0,84.05778654397109,83.17037052597979,82.13491341276763,81.69083924932102,81.51357873161939,81.42143610039052,81.37834464634486,80.69337364610456,80.38027677940367,79.69425438616993
460.0,83.35270378555991,83.0338389201053,80.62071096870717,80.33193483089364,79.79074163610214,79.6402507522983,79.57230092064414,79.37004970228608,78.68984807718365,78.62457991833995
632.0,85.92734636933261,84.06681723753829,83.34480480533891,83.08020785595455,81.3170463771694,81.1616130048116,79.53454788083809,79.6857027156778,79.64104088294732,79.65033556654988
1.0,85.95789944069266,82.37666458905623,81.65125101440782,80.65576245795903,80.56215865614122,80.40972374148235,80.34576500595838,80.19129612988618,80.00064227775528,79.82043585145712
4.0,81.70432251850268,81.48337003082369,81.33554308678897,80.44595843334598,80.09151054257505,79.7649281252515,79.24614379060185,78.921826755705,78.8137818092002,78.77690198001193
504.0,83.93713993963047,82.37705650590152,82.21531004786108,80.58971317422616,80.35385329231626,79.77031873819921,79.6458009734027,79.5864224720449,79.48554911962356,79.31091094881593
542.0,84.9439297803474,83.34042019689167,83.26595222308823,82.67760103984142,82.35444385212733,82.16265440755993,80.86567472745843,79.88455628127949,79.79120285133216,79.36243449387027
568.0,85.83534616924958,83.32482356052749,82.32770419978596,82.24288291324872,82.13470681016857,81.37445896504988,81.1481558761278,80.66054491325325,80.61926806088258,80.58088901928542
1.0,84.13323099031636,83.97804188424774,82.34053710014744,82.27777324219198,82.16961402866515,80.20803660523299,80.0417003454437,79.95067847204469,79.78921457339169,79.71752541729805
529.0,85.1283182651686,84.93762919004257,82.9491927551385,81.99507991086367,81.45337013906845,81.1194340709183,80.53692630131982,80.46728120822942,80.29382720900281,79.6700940943183
537.0,86.75936348441107,84.99114625693969,81.39745004908384,80.00505893987373,79.90802789767267,79.80897211316312,79.75100467247434,79.72912926272657,79.69417762782854,79.3777279430682
2.0,84.11128812685536,82.39829862033628,82.03216390840134,80.8600006475401,80.73233600088548,80.70778240047468,80.41262156201545,80.37334009330067,80.2743442796067,79.53021266603498
1.0,85.91149071547014,84.02572239444399,83.27014872073417,83.15926650441337,83.07092132251108,80.75832964221023,80.44071783427107,80.24572316377235,79.86187415500179,79.76803561934544
471.0,83.41274964397083,83.14578130196334,82.19857431923215,81.44994736962023,81.31601871304267,80.5354406901657,80.49642191005273,80.18144453603202,79.60764438788134,79.10172225582843
1.0,83.38186578553493,82.98854219709504,81.5609268308292,81.39532878027289,81.3739890525695,80.64432560874467,80.53926168242418,80.4611402099474,80.41684271938779,80.02721029831545
548.0,83.29076307044907,82.49374519860223,82.39096621656212,81.9962624796081,81.32872081905852,80.92053367775308,80.66711309371358,80.31160854446763,79.65638053512266,79.02443535494206
525.0,85.03535438217376,84.11974840034316,80.760300746367,80.5799486069761,80.27722063336452,80.25494195107657,80.02061457267067,79.7739615010245,79.66353900277758,79.57930377734401
462.0,86.70819158721834,84.12993514782168,82.00317081378867,81.8052421547299,81.3166946385153,80.55766124407006,80.38023903342517,80.33823756344394,80.19067224097773,79.87007091863022
591.0,83.64208453318517,82.4948267902751,81.3057322312234,81.04500492613187,80.78264061018594,80.68335313320965,80.22826369545453,79.90640057808801,79.83817692069397,79.47123146858789
515.0,84.17893718568003,84.03784621213849,83.83831807472745,81.50275936858277,81.46981253178548,81.4428116374615,80.97820639906833,80.11242333062012,79.95250659687939,79.89586868167748
574.0,88.63614645764638,85.93059337412659,81.63723968316015,81.46742243612049,80.29885665698099,79.83947918569444,79.31057088461469,79.12409314224239,79.0841230752236,78.92590362142644
579.0,84.35164767773718,82.3244165903369,82.23739746839391,82.26555857531014,81.44684362959927,81.26901704583621,80.74414064362925,80.54247633929626,80.42769798577316,80.37281773260594
1.0,83.97114179592036,83.03951783185511,82.38762702418126,81.62540250959675,81.57985927528735,81.37413347378367,80.69468654273005,80.62219784761838,80.2432953253419,80.18730014323629
525.0,83.94685126675557,83.14146863212993,83.03651858729903,81.40314803519918,81.18419071958546,80.79044212448729,80.39006737773408,80.34212333241629,80.10161519562062,79.64013591952369
518.0,83.9829922841924,83.27077927984011,83.23968457512312,81.3377684062283,81.0415341556345,80.07916659888556,80.00743798992217,79.67615576423636,79.44330020733264,79.3946942313014
2.0,86.72777362276406,80.85423555429223,80.77539074161986,80.04887520154159,79.69483709952625,78.97406292141636,78.66977349580925,78.59805381238975,78.40731975457729,78.37070319421456
519.0,84.81915160887081,84.09851986749844,81.16790331978592,80.6691336766286,80.71383665317006,80.50691296114805,79.79915352653519,79.7309799009583,79.57750782358936,79.20955932300706
3.0,82.18698962268502,81.54666123819347,81.46388446716828,80.85007555797354,80.78273300666724,80.74290864699513,80.53807965083033,79.95126623712613,79.9300471137387,79.84691146010876
463.0,82.38391846200494,82.16260076052478,81.46402830248005,80.55629932861072,80.39424137070604,80.3815779903793,80.25245498468267,80.16448211781555,79.94341081852981,79.69979152677276
547.0,85.73800283438533,84.21872342724777,83.17991595174945,82.75343937177084,82.38410458559275,80.73636936783092,80.61029501141871,79.85632625369242,79.89648853238339,79.53857699840992
590.0,86.93124134867628,81.3414391823262,81.1828663136524,80.32629464506456,79.76702929683313,79.69082010450722,79.46141890645754,79.16069896450435,79.03224040949014,79.01347771549968
510.0,83.06523558220476,81.74188299728236,81.5437640397828,80.74692724643246,80.67368681635602,80.5896005520199,80.30932400986039,79.92873000106236,79.84784672248853,79.63194043760714
560.0,83.99216245839644,81.452327978001,81.22620995946973,80.50140578753208,80.38210123255607,80.24785301017023,80.00685865080436,79.66901261925676,79.51291097428492,79.21706074303562
1.0,89.53179965656422,83.17437996473691,82.18438771597731,81.28622334500092,81.17285769517042,80.3519288741164,80.24384682545791,79.817705515629,79.20180500388302,78.92852210168955
1.0,80.60478062110217,80.19488597296824,79.91735105453017,79.86586796719196,79.73609964086225,79.76339743497513,79.3572428762668,79.19719379587193,79.09018795004482,79.11055530526136
535.0,85.10805055998613,83.91132372444038,81.0448509999889,80.29971138898618,80.03200986699667,79.96388951325133,79.73896006051427,79.56478064009731,79.46259973557356,79.47434132245327
2.0,82.42835152847599,81.34296298435237,80.66088301513933,80.40052495117305,79.82407134002504,79.71595005481271,79.32258978513387,78.81828896536423,78.84037847487711,78.62765003450971
563.0,82.53669444285042,81.45634293952783,81.16800616542231,80.56450775220848,80.26405681121591,79.73507840287935,79.68820098522271,79.53124739449197,79.15147419811277,79.11237151864319
507.0,84.34356108973877,82.99028618832767,82.48776716776973,82.47851959870749,82.27737147158997,82.21880409774496,81.98347442245772,81.32412912966845,81.22547119006555,81.18102792937019
495.0,86.93214783779938,83.1241393495108,82.27803700640249,82.03399696657823,81.65029538646012,81.45717452349123,80.44427535943376,79.83773721144699,79.31645699818826,79.20652514952994
451.0,83.90304960371157,83.03915933335186,81.22455444015172,80.91992854424042,79.84752626911616,79.80624851468856,79.7171742429934,79.71372665346432,79.68416796201898,79.37818626469148
433.0,84.88924385784422,80.89355477068554,80.40628170240394,79.92289202358029,79.87475209400313,79.84548383356311,79.70419763506904,79.53152991497039,79.38443457437488,79.15126071659977
